Index,Asc,Asp,Cho,CrCHtwo,CrCHthree,GABA,GPC,GSH,Glc,Gln,Glu,Gly,Lac,MM,MMb,NAA,NAAG,PCrCHtwo,PCrCHthree,PE,Tau,mI,sI
Initial Values,,,,,,,,,,,,,,,,,,,,,,,
amplitude,0.028919994678462763,0.04090887824462748,0.2700310495998023,0.10147066300001971,0.10466445398705826,0.054567798961816044,0.5285003081710437,0.08521698436675947,0.03545863014167855,0.035201544202992104,0.04163079520865772,0.05952124618193715,0.05840776844344836,0.09210536230698263,1.0,0.17392533928036286,0.13458177259887147,0.061940605938744536,0.16114554764874192,0.038453059791263115,0.04418751700522609,0.08603617351074935,0.2885508222332624
chemicalshift,3.7424,2.7349,3.1983,3.9084,3.0383,2.2922,3.2113,3.7644,3.4397,2.3883,2.3547,3.5409,1.3391,1.9882,0.8849,2.007,2.0375,3.9422,3.0365,3.2585,3.2895,3.5614,3.3378
linewidth,6.0,6.0,5.0,5.0,5.0,8.0,5.0,6.0,8.0,8.0,5.0,5.0,5.0,30.0,50.0,5.0,5.0,5.0,5.0,6.0,6.0,5.0,5.0
phase,0.0,0.0,0.0,0.0,0.0,0.0,0.0,0.0,0.0,0.0,0.0,0.0,0.0,0.0,0.0,0.0,0.0,0.0,0.0,0.0,0.0,0.0,0.0
g,0.0,0.0,0.0,0.0,0.0,0.0,0.0,0.0,0.0,0.0,0.0,0.0,0.0,0.0,0.0,0.0,0.0,0.0,0.0,0.0,0.0,0.0,0.0
Bounds,,,,,,,,,,,,,,,,,,,,,,,
amplitude,"(0,","(0,","(0,","(0,","(0,","(0,","(0,","(0,","(0,","(0,","(0,","(0,","(0,","(0,","(0,","(0,","(0,","(0,","(0,","(0,","(0,","(0,","(0,"
chemicalshift,"(3.6624,3.8224)","(2.6549,2.8149)","(3.1183,3.2783)","(3.8284,3.9884)","(2.9583,3.1183)","(2.1722,2.4122)","(3.1313,3.2913)","(3.6844,3.8444)","(3.2897,3.5897)","(2.2683,2.5083)","(2.2747,2.4347)","(3.4609,3.6209)","(1.2591,1.4191)","(1.7382,2.2382)","(0.5849,1.1849)","(1.9270,2.0870)","(1.9575,2.1175)","(3.8622,4.0222)","(2.9565,3.1165)","(3.1785,3.3385)","(3.2095,3.3695)","(3.4814,3.6414)","(3.2578,3.4178)"
linewidth,"(1,80)","(1,80)","(1,80)","(1,80)","(1,80)","(1,80)","(1,80)","(1,80)","(1,80)","(1,80)","(1,80)","(1,80)","(1,80)","(1,150)","(1,150)","(1,80)","(1,80)","(1,80)","(1,80)","(1,80)","(1,80)","(1,80)","(1,80)"
phase,"(-180,180)","(-180,180)","(-180,180)","(-180,180)","(-180,180)","(-180,180)","(-180,180)","(-180,180)","(-180,180)","(-180,180)","(-180,180)","(-180,180)","(-180,180)","(-180,180)","(-180,180)","(-180,180)","(-180,180)","(-180,180)","(-180,180)","(-180,180)","(-180,180)","(-180,180)","(-180,180)"
g,"(0,1)","(0,1)","(0,1)","(0,1)","(0,1)","(0,1)","(0,1)","(0,1)","(0,1)","(0,1)","(0,1)","(0,1)","(0,1)","(0,1)","(0,1)","(0,1)","(0,1)","(0,1)","(0,1)","(0,1)","(0,1)","(0,1)","(0,1)"
